<?xml version="1.0" encoding="UTF-8"?>
<project-private xmlns="http://www.netbeans.org/ns/project-private/1">
    <editor-bookmarks xmlns="http://www.netbeans.org/ns/editor-bookmarks/2" lastBookmarkId="0"/>
    <open-files xmlns="http://www.netbeans.org/ns/projectui-open-files/2">
        <group>
            <file>file:/C:/Users/Redwan/Desktop/Java%20projects/AtmSystem/src/Statement.java</file>
            <file>file:/C:/Users/Redwan/Desktop/Java%20projects/AtmSystem/src/UserLogin.java</file>
            <file>file:/C:/Users/Redwan/Desktop/Java%20projects/AtmSystem/src/SignIn.java</file>
            <file>file:/C:/Users/Redwan/Desktop/Java%20projects/AtmSystem/src/AfterLogin.java</file>
            <file>file:/C:/Users/Redwan/Desktop/Java%20projects/AtmSystem/src/Transaction.java</file>
        </group>
    </open-files>
</project-private>
